distance,metric,status,gateway_probabilities,epsilon,eta,prioritize_parallelism,replace_or_joins,output_dir,f_score,project_name,optimization_metric,mining_algorithm
0.4878557592013113,two_gram_distance,ok,discovery,0.09183689076993583,0.2028334611076555,True,False,C:\Users\David\Downloads\simod-softwarex\outputs\20250303_021853_BC8B0EF7_EF81_4314_8CE3_F1B8ED3266B2\control-flow\iteration_20250303_022933_DED26DAD_32EB_455C_8BFD_D1866AEF045E,,BPIC_2012_train,TWO_GRAM_DISTANCE,Split Miner v1
0.4893970266394989,two_gram_distance,ok,discovery,0.09183689076993583,0.2028334611076555,True,False,C:\Users\David\Downloads\simod-softwarex\outputs\20250303_021853_BC8B0EF7_EF81_4314_8CE3_F1B8ED3266B2\control-flow\iteration_20250303_022933_DED26DAD_32EB_455C_8BFD_D1866AEF045E,,BPIC_2012_train,TWO_GRAM_DISTANCE,Split Miner v1
0.4895152198421646,two_gram_distance,ok,discovery,0.09183689076993583,0.2028334611076555,True,False,C:\Users\David\Downloads\simod-softwarex\outputs\20250303_021853_BC8B0EF7_EF81_4314_8CE3_F1B8ED3266B2\control-flow\iteration_20250303_022933_DED26DAD_32EB_455C_8BFD_D1866AEF045E,,BPIC_2012_train,TWO_GRAM_DISTANCE,Split Miner v1
0.49014612214312475,two_gram_distance,ok,discovery,0.08475186934381408,0.2035224568566798,True,False,C:\Users\David\Downloads\simod-softwarex\outputs\20250303_021853_BC8B0EF7_EF81_4314_8CE3_F1B8ED3266B2\control-flow\iteration_20250303_022848_2B04A36E_78D6_414C_A9E0_35AE17D86703,,BPIC_2012_train,TWO_GRAM_DISTANCE,Split Miner v1
0.4908077154912598,two_gram_distance,ok,discovery,0.08475186934381408,0.2035224568566798,True,False,C:\Users\David\Downloads\simod-softwarex\outputs\20250303_021853_BC8B0EF7_EF81_4314_8CE3_F1B8ED3266B2\control-flow\iteration_20250303_022848_2B04A36E_78D6_414C_A9E0_35AE17D86703,,BPIC_2012_train,TWO_GRAM_DISTANCE,Split Miner v1
0.4917293233082707,two_gram_distance,ok,discovery,0.0839349068226479,0.2001781231774294,True,False,C:\Users\David\Downloads\simod-softwarex\outputs\20250303_021853_BC8B0EF7_EF81_4314_8CE3_F1B8ED3266B2\control-flow\iteration_20250303_022911_03C5CA53_61E0_4A5E_8654_516033D116BB,,BPIC_2012_train,TWO_GRAM_DISTANCE,Split Miner v1
0.4933894230769231,two_gram_distance,ok,discovery,0.0839349068226479,0.2001781231774294,True,False,C:\Users\David\Downloads\simod-softwarex\outputs\20250303_021853_BC8B0EF7_EF81_4314_8CE3_F1B8ED3266B2\control-flow\iteration_20250303_022911_03C5CA53_61E0_4A5E_8654_516033D116BB,,BPIC_2012_train,TWO_GRAM_DISTANCE,Split Miner v1
0.49606653180489996,two_gram_distance,ok,discovery,0.09183689076993583,0.2028334611076555,True,False,C:\Users\David\Downloads\simod-softwarex\outputs\20250303_021853_BC8B0EF7_EF81_4314_8CE3_F1B8ED3266B2\control-flow\iteration_20250303_022933_DED26DAD_32EB_455C_8BFD_D1866AEF045E,,BPIC_2012_train,TWO_GRAM_DISTANCE,Split Miner v1
0.49668190532369855,two_gram_distance,ok,discovery,0.0839349068226479,0.2001781231774294,True,False,C:\Users\David\Downloads\simod-softwarex\outputs\20250303_021853_BC8B0EF7_EF81_4314_8CE3_F1B8ED3266B2\control-flow\iteration_20250303_022911_03C5CA53_61E0_4A5E_8654_516033D116BB,,BPIC_2012_train,TWO_GRAM_DISTANCE,Split Miner v1
0.49792161520190026,two_gram_distance,ok,discovery,0.0839349068226479,0.2001781231774294,True,False,C:\Users\David\Downloads\simod-softwarex\outputs\20250303_021853_BC8B0EF7_EF81_4314_8CE3_F1B8ED3266B2\control-flow\iteration_20250303_022911_03C5CA53_61E0_4A5E_8654_516033D116BB,,BPIC_2012_train,TWO_GRAM_DISTANCE,Split Miner v1
0.4995510326249626,two_gram_distance,ok,discovery,0.09183689076993583,0.2028334611076555,True,False,C:\Users\David\Downloads\simod-softwarex\outputs\20250303_021853_BC8B0EF7_EF81_4314_8CE3_F1B8ED3266B2\control-flow\iteration_20250303_022933_DED26DAD_32EB_455C_8BFD_D1866AEF045E,,BPIC_2012_train,TWO_GRAM_DISTANCE,Split Miner v1
0.5012914176075567,two_gram_distance,ok,discovery,0.08475186934381408,0.2035224568566798,True,False,C:\Users\David\Downloads\simod-softwarex\outputs\20250303_021853_BC8B0EF7_EF81_4314_8CE3_F1B8ED3266B2\control-flow\iteration_20250303_022848_2B04A36E_78D6_414C_A9E0_35AE17D86703,,BPIC_2012_train,TWO_GRAM_DISTANCE,Split Miner v1
0.5020174602010123,two_gram_distance,ok,discovery,0.11136074877230194,0.31220157900384937,True,False,C:\Users\David\Downloads\simod-softwarex\outputs\20250303_021853_BC8B0EF7_EF81_4314_8CE3_F1B8ED3266B2\control-flow\iteration_20250303_022655_639BE8F9_167C_436B_8495_6534E14AE855,,BPIC_2012_train,TWO_GRAM_DISTANCE,Split Miner v1
0.5079502746458514,two_gram_distance,ok,discovery,0.0839349068226479,0.2001781231774294,True,False,C:\Users\David\Downloads\simod-softwarex\outputs\20250303_021853_BC8B0EF7_EF81_4314_8CE3_F1B8ED3266B2\control-flow\iteration_20250303_022911_03C5CA53_61E0_4A5E_8654_516033D116BB,,BPIC_2012_train,TWO_GRAM_DISTANCE,Split Miner v1
0.5088566827697263,two_gram_distance,ok,discovery,0.06945465051956572,0.342990260568671,True,False,C:\Users\David\Downloads\simod-softwarex\outputs\20250303_021853_BC8B0EF7_EF81_4314_8CE3_F1B8ED3266B2\control-flow\iteration_20250303_022229_66F91884_31BC_4ED9_A761_A6A0B077A2D3,,BPIC_2012_train,TWO_GRAM_DISTANCE,Split Miner v1
0.509247123926023,two_gram_distance,ok,discovery,0.11136074877230194,0.31220157900384937,True,False,C:\Users\David\Downloads\simod-softwarex\outputs\20250303_021853_BC8B0EF7_EF81_4314_8CE3_F1B8ED3266B2\control-flow\iteration_20250303_022655_639BE8F9_167C_436B_8495_6534E14AE855,,BPIC_2012_train,TWO_GRAM_DISTANCE,Split Miner v1
0.5093567694522312,two_gram_distance,ok,discovery,0.0741069213806126,0.39932070578405376,True,True,C:\Users\David\Downloads\simod-softwarex\outputs\20250303_021853_BC8B0EF7_EF81_4314_8CE3_F1B8ED3266B2\control-flow\iteration_20250303_022336_AAC6B854_26DD_4AEE_B9C8_5361E54F2735,,BPIC_2012_train,TWO_GRAM_DISTANCE,Split Miner v1
0.5113554173296687,two_gram_distance,ok,discovery,0.10350612293199979,0.2976947973551933,True,False,C:\Users\David\Downloads\simod-softwarex\outputs\20250303_021853_BC8B0EF7_EF81_4314_8CE3_F1B8ED3266B2\control-flow\iteration_20250303_022740_32ADD633_EBCF_463A_8DA0_0CBE0695387D,,BPIC_2012_train,TWO_GRAM_DISTANCE,Split Miner v1
0.5121564100714234,two_gram_distance,ok,discovery,0.10350612293199979,0.2976947973551933,True,False,C:\Users\David\Downloads\simod-softwarex\outputs\20250303_021853_BC8B0EF7_EF81_4314_8CE3_F1B8ED3266B2\control-flow\iteration_20250303_022740_32ADD633_EBCF_463A_8DA0_0CBE0695387D,,BPIC_2012_train,TWO_GRAM_DISTANCE,Split Miner v1
0.5127235713247056,two_gram_distance,ok,discovery,0.08475186934381408,0.2035224568566798,True,False,C:\Users\David\Downloads\simod-softwarex\outputs\20250303_021853_BC8B0EF7_EF81_4314_8CE3_F1B8ED3266B2\control-flow\iteration_20250303_022848_2B04A36E_78D6_414C_A9E0_35AE17D86703,,BPIC_2012_train,TWO_GRAM_DISTANCE,Split Miner v1
0.5152040447815096,two_gram_distance,ok,discovery,0.061801726063927455,0.3007075154960007,True,False,C:\Users\David\Downloads\simod-softwarex\outputs\20250303_021853_BC8B0EF7_EF81_4314_8CE3_F1B8ED3266B2\control-flow\iteration_20250303_022719_D0C3E17D_B7AE_48C0_9BD5_84C1FAEA8AAE,,BPIC_2012_train,TWO_GRAM_DISTANCE,Split Miner v1
0.5153263613415074,two_gram_distance,ok,discovery,0.06945465051956572,0.342990260568671,True,False,C:\Users\David\Downloads\simod-softwarex\outputs\20250303_021853_BC8B0EF7_EF81_4314_8CE3_F1B8ED3266B2\control-flow\iteration_20250303_022229_66F91884_31BC_4ED9_A761_A6A0B077A2D3,,BPIC_2012_train,TWO_GRAM_DISTANCE,Split Miner v1
0.5162169919632607,two_gram_distance,ok,discovery,0.06945465051956572,0.342990260568671,True,False,C:\Users\David\Downloads\simod-softwarex\outputs\20250303_021853_BC8B0EF7_EF81_4314_8CE3_F1B8ED3266B2\control-flow\iteration_20250303_022229_66F91884_31BC_4ED9_A761_A6A0B077A2D3,,BPIC_2012_train,TWO_GRAM_DISTANCE,Split Miner v1
0.5171326164874552,two_gram_distance,ok,discovery,0.11136074877230194,0.31220157900384937,True,False,C:\Users\David\Downloads\simod-softwarex\outputs\20250303_021853_BC8B0EF7_EF81_4314_8CE3_F1B8ED3266B2\control-flow\iteration_20250303_022655_639BE8F9_167C_436B_8495_6534E14AE855,,BPIC_2012_train,TWO_GRAM_DISTANCE,Split Miner v1
0.5189745805429539,two_gram_distance,ok,discovery,0.10350612293199979,0.2976947973551933,True,False,C:\Users\David\Downloads\simod-softwarex\outputs\20250303_021853_BC8B0EF7_EF81_4314_8CE3_F1B8ED3266B2\control-flow\iteration_20250303_022740_32ADD633_EBCF_463A_8DA0_0CBE0695387D,,BPIC_2012_train,TWO_GRAM_DISTANCE,Split Miner v1
0.5192972350230415,two_gram_distance,ok,discovery,0.08475186934381408,0.2035224568566798,True,False,C:\Users\David\Downloads\simod-softwarex\outputs\20250303_021853_BC8B0EF7_EF81_4314_8CE3_F1B8ED3266B2\control-flow\iteration_20250303_022848_2B04A36E_78D6_414C_A9E0_35AE17D86703,,BPIC_2012_train,TWO_GRAM_DISTANCE,Split Miner v1
0.5204020402040204,two_gram_distance,ok,discovery,0.13252638241423464,0.46590552115998096,True,False,C:\Users\David\Downloads\simod-softwarex\outputs\20250303_021853_BC8B0EF7_EF81_4314_8CE3_F1B8ED3266B2\control-flow\iteration_20250303_022015_240266D8_C7B3_4613_8F3E_00D122268E87,,BPIC_2012_train,TWO_GRAM_DISTANCE,Split Miner v1
0.5214066185404903,two_gram_distance,ok,discovery,0.06945465051956572,0.342990260568671,True,False,C:\Users\David\Downloads\simod-softwarex\outputs\20250303_021853_BC8B0EF7_EF81_4314_8CE3_F1B8ED3266B2\control-flow\iteration_20250303_022229_66F91884_31BC_4ED9_A761_A6A0B077A2D3,,BPIC_2012_train,TWO_GRAM_DISTANCE,Split Miner v1
0.5229522952295229,two_gram_distance,ok,discovery,0.0741069213806126,0.39932070578405376,True,True,C:\Users\David\Downloads\simod-softwarex\outputs\20250303_021853_BC8B0EF7_EF81_4314_8CE3_F1B8ED3266B2\control-flow\iteration_20250303_022336_AAC6B854_26DD_4AEE_B9C8_5361E54F2735,,BPIC_2012_train,TWO_GRAM_DISTANCE,Split Miner v1
0.5230107526881721,two_gram_distance,ok,discovery,0.061801726063927455,0.3007075154960007,True,False,C:\Users\David\Downloads\simod-softwarex\outputs\20250303_021853_BC8B0EF7_EF81_4314_8CE3_F1B8ED3266B2\control-flow\iteration_20250303_022719_D0C3E17D_B7AE_48C0_9BD5_84C1FAEA8AAE,,BPIC_2012_train,TWO_GRAM_DISTANCE,Split Miner v1
0.5235051839227383,two_gram_distance,ok,discovery,0.061801726063927455,0.3007075154960007,True,False,C:\Users\David\Downloads\simod-softwarex\outputs\20250303_021853_BC8B0EF7_EF81_4314_8CE3_F1B8ED3266B2\control-flow\iteration_20250303_022719_D0C3E17D_B7AE_48C0_9BD5_84C1FAEA8AAE,,BPIC_2012_train,TWO_GRAM_DISTANCE,Split Miner v1
0.5271133561135046,two_gram_distance,ok,discovery,0.13252638241423464,0.46590552115998096,True,False,C:\Users\David\Downloads\simod-softwarex\outputs\20250303_021853_BC8B0EF7_EF81_4314_8CE3_F1B8ED3266B2\control-flow\iteration_20250303_022015_240266D8_C7B3_4613_8F3E_00D122268E87,,BPIC_2012_train,TWO_GRAM_DISTANCE,Split Miner v1
0.5275049115913556,two_gram_distance,ok,discovery,0.20602606112759075,0.2001649990450605,True,False,C:\Users\David\Downloads\simod-softwarex\outputs\20250303_021853_BC8B0EF7_EF81_4314_8CE3_F1B8ED3266B2\control-flow\iteration_20250303_022956_1921AD5C_5180_4F27_A263_2B9A2E6D0DAC,,BPIC_2012_train,TWO_GRAM_DISTANCE,Split Miner v1
0.5276147372887349,two_gram_distance,ok,discovery,0.061801726063927455,0.3007075154960007,True,False,C:\Users\David\Downloads\simod-softwarex\outputs\20250303_021853_BC8B0EF7_EF81_4314_8CE3_F1B8ED3266B2\control-flow\iteration_20250303_022719_D0C3E17D_B7AE_48C0_9BD5_84C1FAEA8AAE,,BPIC_2012_train,TWO_GRAM_DISTANCE,Split Miner v1
0.528119940874217,two_gram_distance,ok,discovery,0.11136074877230194,0.31220157900384937,True,False,C:\Users\David\Downloads\simod-softwarex\outputs\20250303_021853_BC8B0EF7_EF81_4314_8CE3_F1B8ED3266B2\control-flow\iteration_20250303_022655_639BE8F9_167C_436B_8495_6534E14AE855,,BPIC_2012_train,TWO_GRAM_DISTANCE,Split Miner v1
0.5303285593934288,two_gram_distance,ok,discovery,0.10350612293199979,0.2976947973551933,True,False,C:\Users\David\Downloads\simod-softwarex\outputs\20250303_021853_BC8B0EF7_EF81_4314_8CE3_F1B8ED3266B2\control-flow\iteration_20250303_022740_32ADD633_EBCF_463A_8DA0_0CBE0695387D,,BPIC_2012_train,TWO_GRAM_DISTANCE,Split Miner v1
0.530398940085382,two_gram_distance,ok,discovery,0.0521488527565906,0.3703455710945256,True,True,C:\Users\David\Downloads\simod-softwarex\outputs\20250303_021853_BC8B0EF7_EF81_4314_8CE3_F1B8ED3266B2\control-flow\iteration_20250303_022059_06C552E8_A62C_4F0D_BE2F_4781C43305CE,,BPIC_2012_train,TWO_GRAM_DISTANCE,Split Miner v1
0.5312088875895337,two_gram_distance,ok,discovery,0.13923991861365037,0.4096099551781268,True,True,C:\Users\David\Downloads\simod-softwarex\outputs\20250303_021853_BC8B0EF7_EF81_4314_8CE3_F1B8ED3266B2\control-flow\iteration_20250303_022420_187F9BBE_C2A9_48F6_B2DC_4E0BBB309DDC,,BPIC_2012_train,TWO_GRAM_DISTANCE,Split Miner v1
0.5333978702807357,two_gram_distance,ok,discovery,0.18578704092395731,0.229724993041531,True,False,C:\Users\David\Downloads\simod-softwarex\outputs\20250303_021853_BC8B0EF7_EF81_4314_8CE3_F1B8ED3266B2\control-flow\iteration_20250303_022549_BDD392A3_044A_4CA4_B07E_A90D51662F46,,BPIC_2012_train,TWO_GRAM_DISTANCE,Split Miner v1
0.5345090354887873,two_gram_distance,ok,discovery,0.1173038735226984,0.4781884009254311,True,True,C:\Users\David\Downloads\simod-softwarex\outputs\20250303_021853_BC8B0EF7_EF81_4314_8CE3_F1B8ED3266B2\control-flow\iteration_20250303_022145_BC5CD90A_008E_4C0D_9F1F_D2D89474F049,,BPIC_2012_train,TWO_GRAM_DISTANCE,Split Miner v1
0.5358828086484964,two_gram_distance,ok,discovery,0.06945465051956572,0.342990260568671,True,False,C:\Users\David\Downloads\simod-softwarex\outputs\20250303_021853_BC8B0EF7_EF81_4314_8CE3_F1B8ED3266B2\control-flow\iteration_20250303_022229_66F91884_31BC_4ED9_A761_A6A0B077A2D3,,BPIC_2012_train,TWO_GRAM_DISTANCE,Split Miner v1
0.5359974114221,two_gram_distance,ok,discovery,0.18578704092395731,0.229724993041531,True,False,C:\Users\David\Downloads\simod-softwarex\outputs\20250303_021853_BC8B0EF7_EF81_4314_8CE3_F1B8ED3266B2\control-flow\iteration_20250303_022549_BDD392A3_044A_4CA4_B07E_A90D51662F46,,BPIC_2012_train,TWO_GRAM_DISTANCE,Split Miner v1
0.536115569823435,two_gram_distance,ok,discovery,0.1173038735226984,0.4781884009254311,True,True,C:\Users\David\Downloads\simod-softwarex\outputs\20250303_021853_BC8B0EF7_EF81_4314_8CE3_F1B8ED3266B2\control-flow\iteration_20250303_022145_BC5CD90A_008E_4C0D_9F1F_D2D89474F049,,BPIC_2012_train,TWO_GRAM_DISTANCE,Split Miner v1
0.5363794907568887,two_gram_distance,ok,discovery,0.061801726063927455,0.3007075154960007,True,False,C:\Users\David\Downloads\simod-softwarex\outputs\20250303_021853_BC8B0EF7_EF81_4314_8CE3_F1B8ED3266B2\control-flow\iteration_20250303_022719_D0C3E17D_B7AE_48C0_9BD5_84C1FAEA8AAE,,BPIC_2012_train,TWO_GRAM_DISTANCE,Split Miner v1
0.5376326530612245,two_gram_distance,ok,discovery,0.21444726725236987,0.21953376020672502,True,False,C:\Users\David\Downloads\simod-softwarex\outputs\20250303_021853_BC8B0EF7_EF81_4314_8CE3_F1B8ED3266B2\control-flow\iteration_20250303_022827_5FED708E_038B_403C_8DA5_42382D01CBA0,,BPIC_2012_train,TWO_GRAM_DISTANCE,Split Miner v1
0.5377255925201131,two_gram_distance,ok,discovery,0.1173038735226984,0.4781884009254311,True,True,C:\Users\David\Downloads\simod-softwarex\outputs\20250303_021853_BC8B0EF7_EF81_4314_8CE3_F1B8ED3266B2\control-flow\iteration_20250303_022145_BC5CD90A_008E_4C0D_9F1F_D2D89474F049,,BPIC_2012_train,TWO_GRAM_DISTANCE,Split Miner v1
0.5377481524416751,two_gram_distance,ok,discovery,0.13252638241423464,0.46590552115998096,True,False,C:\Users\David\Downloads\simod-softwarex\outputs\20250303_021853_BC8B0EF7_EF81_4314_8CE3_F1B8ED3266B2\control-flow\iteration_20250303_022015_240266D8_C7B3_4613_8F3E_00D122268E87,,BPIC_2012_train,TWO_GRAM_DISTANCE,Split Miner v1
0.5392464106114715,two_gram_distance,ok,discovery,0.08577289521414261,0.5040581880923573,True,False,C:\Users\David\Downloads\simod-softwarex\outputs\20250303_021853_BC8B0EF7_EF81_4314_8CE3_F1B8ED3266B2\control-flow\iteration_20250303_022633_7981F3B3_5CC5_4098_B5E1_006A7725C273,,BPIC_2012_train,TWO_GRAM_DISTANCE,Split Miner v1
0.539847439157283,two_gram_distance,ok,discovery,0.08577289521414261,0.5040581880923573,True,False,C:\Users\David\Downloads\simod-softwarex\outputs\20250303_021853_BC8B0EF7_EF81_4314_8CE3_F1B8ED3266B2\control-flow\iteration_20250303_022633_7981F3B3_5CC5_4098_B5E1_006A7725C273,,BPIC_2012_train,TWO_GRAM_DISTANCE,Split Miner v1
0.5402669796097991,two_gram_distance,ok,discovery,0.13923991861365037,0.4096099551781268,True,True,C:\Users\David\Downloads\simod-softwarex\outputs\20250303_021853_BC8B0EF7_EF81_4314_8CE3_F1B8ED3266B2\control-flow\iteration_20250303_022420_187F9BBE_C2A9_48F6_B2DC_4E0BBB309DDC,,BPIC_2012_train,TWO_GRAM_DISTANCE,Split Miner v1
0.5405483405483406,two_gram_distance,ok,discovery,0.13923991861365037,0.4096099551781268,True,True,C:\Users\David\Downloads\simod-softwarex\outputs\20250303_021853_BC8B0EF7_EF81_4314_8CE3_F1B8ED3266B2\control-flow\iteration_20250303_022420_187F9BBE_C2A9_48F6_B2DC_4E0BBB309DDC,,BPIC_2012_train,TWO_GRAM_DISTANCE,Split Miner v1
0.5408354764718148,two_gram_distance,ok,discovery,0.10350612293199979,0.2976947973551933,True,False,C:\Users\David\Downloads\simod-softwarex\outputs\20250303_021853_BC8B0EF7_EF81_4314_8CE3_F1B8ED3266B2\control-flow\iteration_20250303_022740_32ADD633_EBCF_463A_8DA0_0CBE0695387D,,BPIC_2012_train,TWO_GRAM_DISTANCE,Split Miner v1
0.5411062475129328,two_gram_distance,ok,discovery,0.20602606112759075,0.2001649990450605,True,False,C:\Users\David\Downloads\simod-softwarex\outputs\20250303_021853_BC8B0EF7_EF81_4314_8CE3_F1B8ED3266B2\control-flow\iteration_20250303_022956_1921AD5C_5180_4F27_A263_2B9A2E6D0DAC,,BPIC_2012_train,TWO_GRAM_DISTANCE,Split Miner v1
0.5416466826538769,two_gram_distance,ok,discovery,0.20602606112759075,0.2001649990450605,True,False,C:\Users\David\Downloads\simod-softwarex\outputs\20250303_021853_BC8B0EF7_EF81_4314_8CE3_F1B8ED3266B2\control-flow\iteration_20250303_022956_1921AD5C_5180_4F27_A263_2B9A2E6D0DAC,,BPIC_2012_train,TWO_GRAM_DISTANCE,Split Miner v1
0.5429436792384799,two_gram_distance,ok,discovery,0.0521488527565906,0.3703455710945256,True,True,C:\Users\David\Downloads\simod-softwarex\outputs\20250303_021853_BC8B0EF7_EF81_4314_8CE3_F1B8ED3266B2\control-flow\iteration_20250303_022059_06C552E8_A62C_4F0D_BE2F_4781C43305CE,,BPIC_2012_train,TWO_GRAM_DISTANCE,Split Miner v1
0.5435607416422078,two_gram_distance,ok,discovery,0.13252638241423464,0.46590552115998096,True,False,C:\Users\David\Downloads\simod-softwarex\outputs\20250303_021853_BC8B0EF7_EF81_4314_8CE3_F1B8ED3266B2\control-flow\iteration_20250303_022015_240266D8_C7B3_4613_8F3E_00D122268E87,,BPIC_2012_train,TWO_GRAM_DISTANCE,Split Miner v1
0.5441155441155441,two_gram_distance,ok,discovery,0.0521488527565906,0.3703455710945256,True,True,C:\Users\David\Downloads\simod-softwarex\outputs\20250303_021853_BC8B0EF7_EF81_4314_8CE3_F1B8ED3266B2\control-flow\iteration_20250303_022059_06C552E8_A62C_4F0D_BE2F_4781C43305CE,,BPIC_2012_train,TWO_GRAM_DISTANCE,Split Miner v1
0.5441676551996837,two_gram_distance,ok,discovery,0.18578704092395731,0.229724993041531,True,False,C:\Users\David\Downloads\simod-softwarex\outputs\20250303_021853_BC8B0EF7_EF81_4314_8CE3_F1B8ED3266B2\control-flow\iteration_20250303_022549_BDD392A3_044A_4CA4_B07E_A90D51662F46,,BPIC_2012_train,TWO_GRAM_DISTANCE,Split Miner v1
0.5445623553817921,two_gram_distance,ok,discovery,0.20602606112759075,0.2001649990450605,True,False,C:\Users\David\Downloads\simod-softwarex\outputs\20250303_021853_BC8B0EF7_EF81_4314_8CE3_F1B8ED3266B2\control-flow\iteration_20250303_022956_1921AD5C_5180_4F27_A263_2B9A2E6D0DAC,,BPIC_2012_train,TWO_GRAM_DISTANCE,Split Miner v1
0.5445813990715543,two_gram_distance,ok,discovery,0.21444726725236987,0.21953376020672502,True,False,C:\Users\David\Downloads\simod-softwarex\outputs\20250303_021853_BC8B0EF7_EF81_4314_8CE3_F1B8ED3266B2\control-flow\iteration_20250303_022827_5FED708E_038B_403C_8DA5_42382D01CBA0,,BPIC_2012_train,TWO_GRAM_DISTANCE,Split Miner v1
0.5447559413690053,two_gram_distance,ok,discovery,0.0521488527565906,0.3703455710945256,True,True,C:\Users\David\Downloads\simod-softwarex\outputs\20250303_021853_BC8B0EF7_EF81_4314_8CE3_F1B8ED3266B2\control-flow\iteration_20250303_022059_06C552E8_A62C_4F0D_BE2F_4781C43305CE,,BPIC_2012_train,TWO_GRAM_DISTANCE,Split Miner v1
0.54539590388647,two_gram_distance,ok,discovery,0.21444726725236987,0.21953376020672502,True,False,C:\Users\David\Downloads\simod-softwarex\outputs\20250303_021853_BC8B0EF7_EF81_4314_8CE3_F1B8ED3266B2\control-flow\iteration_20250303_022827_5FED708E_038B_403C_8DA5_42382D01CBA0,,BPIC_2012_train,TWO_GRAM_DISTANCE,Split Miner v1
0.5466709656617765,two_gram_distance,ok,discovery,0.21444726725236987,0.21953376020672502,True,False,C:\Users\David\Downloads\simod-softwarex\outputs\20250303_021853_BC8B0EF7_EF81_4314_8CE3_F1B8ED3266B2\control-flow\iteration_20250303_022827_5FED708E_038B_403C_8DA5_42382D01CBA0,,BPIC_2012_train,TWO_GRAM_DISTANCE,Split Miner v1
0.5477675051960152,two_gram_distance,ok,discovery,0.0741069213806126,0.39932070578405376,True,True,C:\Users\David\Downloads\simod-softwarex\outputs\20250303_021853_BC8B0EF7_EF81_4314_8CE3_F1B8ED3266B2\control-flow\iteration_20250303_022336_AAC6B854_26DD_4AEE_B9C8_5361E54F2735,,BPIC_2012_train,TWO_GRAM_DISTANCE,Split Miner v1
0.5483870967741935,two_gram_distance,ok,discovery,0.1173038735226984,0.4781884009254311,True,True,C:\Users\David\Downloads\simod-softwarex\outputs\20250303_021853_BC8B0EF7_EF81_4314_8CE3_F1B8ED3266B2\control-flow\iteration_20250303_022145_BC5CD90A_008E_4C0D_9F1F_D2D89474F049,,BPIC_2012_train,TWO_GRAM_DISTANCE,Split Miner v1
0.5485412292767683,two_gram_distance,ok,discovery,0.13923991861365037,0.4096099551781268,True,True,C:\Users\David\Downloads\simod-softwarex\outputs\20250303_021853_BC8B0EF7_EF81_4314_8CE3_F1B8ED3266B2\control-flow\iteration_20250303_022420_187F9BBE_C2A9_48F6_B2DC_4E0BBB309DDC,,BPIC_2012_train,TWO_GRAM_DISTANCE,Split Miner v1
0.5503516276372072,two_gram_distance,ok,discovery,0.0521488527565906,0.3703455710945256,True,True,C:\Users\David\Downloads\simod-softwarex\outputs\20250303_021853_BC8B0EF7_EF81_4314_8CE3_F1B8ED3266B2\control-flow\iteration_20250303_022059_06C552E8_A62C_4F0D_BE2F_4781C43305CE,,BPIC_2012_train,TWO_GRAM_DISTANCE,Split Miner v1
0.5506333592810134,two_gram_distance,ok,discovery,0.08577289521414261,0.5040581880923573,True,False,C:\Users\David\Downloads\simod-softwarex\outputs\20250303_021853_BC8B0EF7_EF81_4314_8CE3_F1B8ED3266B2\control-flow\iteration_20250303_022633_7981F3B3_5CC5_4098_B5E1_006A7725C273,,BPIC_2012_train,TWO_GRAM_DISTANCE,Split Miner v1
0.5525275345947472,two_gram_distance,ok,discovery,0.13252638241423464,0.46590552115998096,True,False,C:\Users\David\Downloads\simod-softwarex\outputs\20250303_021853_BC8B0EF7_EF81_4314_8CE3_F1B8ED3266B2\control-flow\iteration_20250303_022015_240266D8_C7B3_4613_8F3E_00D122268E87,,BPIC_2012_train,TWO_GRAM_DISTANCE,Split Miner v1
0.5532280756604658,two_gram_distance,ok,discovery,0.20602606112759075,0.2001649990450605,True,False,C:\Users\David\Downloads\simod-softwarex\outputs\20250303_021853_BC8B0EF7_EF81_4314_8CE3_F1B8ED3266B2\control-flow\iteration_20250303_022956_1921AD5C_5180_4F27_A263_2B9A2E6D0DAC,,BPIC_2012_train,TWO_GRAM_DISTANCE,Split Miner v1
0.554035752979415,two_gram_distance,ok,discovery,0.11136074877230194,0.31220157900384937,True,False,C:\Users\David\Downloads\simod-softwarex\outputs\20250303_021853_BC8B0EF7_EF81_4314_8CE3_F1B8ED3266B2\control-flow\iteration_20250303_022655_639BE8F9_167C_436B_8495_6534E14AE855,,BPIC_2012_train,TWO_GRAM_DISTANCE,Split Miner v1
0.5554308167274769,two_gram_distance,ok,discovery,0.1173038735226984,0.4781884009254311,True,True,C:\Users\David\Downloads\simod-softwarex\outputs\20250303_021853_BC8B0EF7_EF81_4314_8CE3_F1B8ED3266B2\control-flow\iteration_20250303_022145_BC5CD90A_008E_4C0D_9F1F_D2D89474F049,,BPIC_2012_train,TWO_GRAM_DISTANCE,Split Miner v1
0.5557591992104892,two_gram_distance,ok,discovery,0.0741069213806126,0.39932070578405376,True,True,C:\Users\David\Downloads\simod-softwarex\outputs\20250303_021853_BC8B0EF7_EF81_4314_8CE3_F1B8ED3266B2\control-flow\iteration_20250303_022336_AAC6B854_26DD_4AEE_B9C8_5361E54F2735,,BPIC_2012_train,TWO_GRAM_DISTANCE,Split Miner v1
0.5569211376349169,two_gram_distance,ok,discovery,0.21444726725236987,0.21953376020672502,True,False,C:\Users\David\Downloads\simod-softwarex\outputs\20250303_021853_BC8B0EF7_EF81_4314_8CE3_F1B8ED3266B2\control-flow\iteration_20250303_022827_5FED708E_038B_403C_8DA5_42382D01CBA0,,BPIC_2012_train,TWO_GRAM_DISTANCE,Split Miner v1
0.5575006078288354,two_gram_distance,ok,discovery,0.18578704092395731,0.229724993041531,True,False,C:\Users\David\Downloads\simod-softwarex\outputs\20250303_021853_BC8B0EF7_EF81_4314_8CE3_F1B8ED3266B2\control-flow\iteration_20250303_022549_BDD392A3_044A_4CA4_B07E_A90D51662F46,,BPIC_2012_train,TWO_GRAM_DISTANCE,Split Miner v1
0.5584580626941542,two_gram_distance,ok,discovery,0.13923991861365037,0.4096099551781268,True,True,C:\Users\David\Downloads\simod-softwarex\outputs\20250303_021853_BC8B0EF7_EF81_4314_8CE3_F1B8ED3266B2\control-flow\iteration_20250303_022420_187F9BBE_C2A9_48F6_B2DC_4E0BBB309DDC,,BPIC_2012_train,TWO_GRAM_DISTANCE,Split Miner v1
0.5587223587223588,two_gram_distance,ok,discovery,0.08577289521414261,0.5040581880923573,True,False,C:\Users\David\Downloads\simod-softwarex\outputs\20250303_021853_BC8B0EF7_EF81_4314_8CE3_F1B8ED3266B2\control-flow\iteration_20250303_022633_7981F3B3_5CC5_4098_B5E1_006A7725C273,,BPIC_2012_train,TWO_GRAM_DISTANCE,Split Miner v1
0.5601287974240515,two_gram_distance,ok,discovery,0.0741069213806126,0.39932070578405376,True,True,C:\Users\David\Downloads\simod-softwarex\outputs\20250303_021853_BC8B0EF7_EF81_4314_8CE3_F1B8ED3266B2\control-flow\iteration_20250303_022336_AAC6B854_26DD_4AEE_B9C8_5361E54F2735,,BPIC_2012_train,TWO_GRAM_DISTANCE,Split Miner v1
0.5638727334929866,two_gram_distance,ok,discovery,0.08577289521414261,0.5040581880923573,True,False,C:\Users\David\Downloads\simod-softwarex\outputs\20250303_021853_BC8B0EF7_EF81_4314_8CE3_F1B8ED3266B2\control-flow\iteration_20250303_022633_7981F3B3_5CC5_4098_B5E1_006A7725C273,,BPIC_2012_train,TWO_GRAM_DISTANCE,Split Miner v1
0.5695178849144634,two_gram_distance,ok,discovery,0.18578704092395731,0.229724993041531,True,False,C:\Users\David\Downloads\simod-softwarex\outputs\20250303_021853_BC8B0EF7_EF81_4314_8CE3_F1B8ED3266B2\control-flow\iteration_20250303_022549_BDD392A3_044A_4CA4_B07E_A90D51662F46,,BPIC_2012_train,TWO_GRAM_DISTANCE,Split Miner v1
0.615721779119063,two_gram_distance,ok,discovery,0.3247159450683369,0.37460239202152357,True,True,C:\Users\David\Downloads\simod-softwarex\outputs\20250303_021853_BC8B0EF7_EF81_4314_8CE3_F1B8ED3266B2\control-flow\iteration_20250303_022252_5C6F7301_5FE5_4A4C_809A_62DE7BA46740,,BPIC_2012_train,TWO_GRAM_DISTANCE,Split Miner v1
0.6215908281706188,two_gram_distance,ok,discovery,0.18824143378027886,0.44674882826826146,True,False,C:\Users\David\Downloads\simod-softwarex\outputs\20250303_021853_BC8B0EF7_EF81_4314_8CE3_F1B8ED3266B2\control-flow\iteration_20250303_021956_11AF96F9_C8EF_446E_86AB_67FA35DAFDD6,,BPIC_2012_train,TWO_GRAM_DISTANCE,Split Miner v1
0.6237227581279028,two_gram_distance,ok,discovery,0.17375617563076834,0.5588360202369618,True,False,C:\Users\David\Downloads\simod-softwarex\outputs\20250303_021853_BC8B0EF7_EF81_4314_8CE3_F1B8ED3266B2\control-flow\iteration_20250303_022612_4AE22B13_41CA_4AF7_90CC_2FAFFDC450B3,,BPIC_2012_train,TWO_GRAM_DISTANCE,Split Miner v1
0.6237903510630783,two_gram_distance,ok,discovery,0.35456725721092563,0.6939930588445062,True,False,C:\Users\David\Downloads\simod-softwarex\outputs\20250303_021853_BC8B0EF7_EF81_4314_8CE3_F1B8ED3266B2\control-flow\iteration_20250303_022359_B46FAFB3_9FAE_4BFB_AB29_D5248201ADDC,,BPIC_2012_train,TWO_GRAM_DISTANCE,Split Miner v1
0.6239558261362027,two_gram_distance,ok,discovery,0.2637581883473777,0.6404303312907023,True,True,C:\Users\David\Downloads\simod-softwarex\outputs\20250303_021853_BC8B0EF7_EF81_4314_8CE3_F1B8ED3266B2\control-flow\iteration_20250303_022504_069750B1_253A_4491_99BD_9D840BF3F3BF,,BPIC_2012_train,TWO_GRAM_DISTANCE,Split Miner v1
0.6243226124287423,two_gram_distance,ok,discovery,0.2637581883473777,0.6404303312907023,True,True,C:\Users\David\Downloads\simod-softwarex\outputs\20250303_021853_BC8B0EF7_EF81_4314_8CE3_F1B8ED3266B2\control-flow\iteration_20250303_022504_069750B1_253A_4491_99BD_9D840BF3F3BF,,BPIC_2012_train,TWO_GRAM_DISTANCE,Split Miner v1
0.6243676522978269,two_gram_distance,ok,discovery,0.27464151354549077,0.614664108663109,True,True,C:\Users\David\Downloads\simod-softwarex\outputs\20250303_021853_BC8B0EF7_EF81_4314_8CE3_F1B8ED3266B2\control-flow\iteration_20250303_022122_AC4DFA9A_8313_439B_8611_D0B49CB63E79,,BPIC_2012_train,TWO_GRAM_DISTANCE,Split Miner v1
0.6250088508107343,two_gram_distance,ok,discovery,0.27464151354549077,0.614664108663109,True,True,C:\Users\David\Downloads\simod-softwarex\outputs\20250303_021853_BC8B0EF7_EF81_4314_8CE3_F1B8ED3266B2\control-flow\iteration_20250303_022122_AC4DFA9A_8313_439B_8611_D0B49CB63E79,,BPIC_2012_train,TWO_GRAM_DISTANCE,Split Miner v1
0.6250794323236603,two_gram_distance,ok,discovery,0.17375617563076834,0.5588360202369618,True,False,C:\Users\David\Downloads\simod-softwarex\outputs\20250303_021853_BC8B0EF7_EF81_4314_8CE3_F1B8ED3266B2\control-flow\iteration_20250303_022612_4AE22B13_41CA_4AF7_90CC_2FAFFDC450B3,,BPIC_2012_train,TWO_GRAM_DISTANCE,Split Miner v1
0.6252735615954819,two_gram_distance,ok,discovery,0.35456725721092563,0.6939930588445062,True,False,C:\Users\David\Downloads\simod-softwarex\outputs\20250303_021853_BC8B0EF7_EF81_4314_8CE3_F1B8ED3266B2\control-flow\iteration_20250303_022359_B46FAFB3_9FAE_4BFB_AB29_D5248201ADDC,,BPIC_2012_train,TWO_GRAM_DISTANCE,Split Miner v1
0.6255549389567148,two_gram_distance,ok,discovery,0.32829878417411035,0.34201156057820625,True,False,C:\Users\David\Downloads\simod-softwarex\outputs\20250303_021853_BC8B0EF7_EF81_4314_8CE3_F1B8ED3266B2\control-flow\iteration_20250303_022208_83418D13_47D9_4235_A349_6C18372D7A2C,,BPIC_2012_train,TWO_GRAM_DISTANCE,Split Miner v1
0.6262931944542192,two_gram_distance,ok,discovery,0.359602444612475,0.36166877355211535,True,False,C:\Users\David\Downloads\simod-softwarex\outputs\20250303_021853_BC8B0EF7_EF81_4314_8CE3_F1B8ED3266B2\control-flow\iteration_20250303_022442_EB64FF80_5262_40D6_8A9B_39DEF3CA523D,,BPIC_2012_train,TWO_GRAM_DISTANCE,Split Miner v1
0.6264872521246458,two_gram_distance,ok,discovery,0.25415414912049455,0.5836997662104155,True,True,C:\Users\David\Downloads\simod-softwarex\outputs\20250303_021853_BC8B0EF7_EF81_4314_8CE3_F1B8ED3266B2\control-flow\iteration_20250303_021919_8114D238_744D_48F3_BCE7_956B57293DBD,,BPIC_2012_train,TWO_GRAM_DISTANCE,Split Miner v1
0.6266139843364144,two_gram_distance,ok,discovery,0.25415414912049455,0.5836997662104155,True,True,C:\Users\David\Downloads\simod-softwarex\outputs\20250303_021853_BC8B0EF7_EF81_4314_8CE3_F1B8ED3266B2\control-flow\iteration_20250303_021919_8114D238_744D_48F3_BCE7_956B57293DBD,,BPIC_2012_train,TWO_GRAM_DISTANCE,Split Miner v1
0.6284229743013622,two_gram_distance,ok,discovery,0.17375617563076834,0.5588360202369618,True,False,C:\Users\David\Downloads\simod-softwarex\outputs\20250303_021853_BC8B0EF7_EF81_4314_8CE3_F1B8ED3266B2\control-flow\iteration_20250303_022612_4AE22B13_41CA_4AF7_90CC_2FAFFDC450B3,,BPIC_2012_train,TWO_GRAM_DISTANCE,Split Miner v1
0.6284816753926702,two_gram_distance,ok,discovery,0.25415414912049455,0.5836997662104155,True,True,C:\Users\David\Downloads\simod-softwarex\outputs\20250303_021853_BC8B0EF7_EF81_4314_8CE3_F1B8ED3266B2\control-flow\iteration_20250303_021919_8114D238_744D_48F3_BCE7_956B57293DBD,,BPIC_2012_train,TWO_GRAM_DISTANCE,Split Miner v1
0.6285993849594632,two_gram_distance,ok,discovery,0.24915166594782834,0.6277330899565142,True,True,C:\Users\David\Downloads\simod-softwarex\outputs\20250303_021853_BC8B0EF7_EF81_4314_8CE3_F1B8ED3266B2\control-flow\iteration_20250303_022314_0FD4F23C_17DE_4471_A9CD_37D4E357C797,,BPIC_2012_train,TWO_GRAM_DISTANCE,Split Miner v1
0.6286291164798441,two_gram_distance,ok,discovery,0.3247159450683369,0.37460239202152357,True,True,C:\Users\David\Downloads\simod-softwarex\outputs\20250303_021853_BC8B0EF7_EF81_4314_8CE3_F1B8ED3266B2\control-flow\iteration_20250303_022252_5C6F7301_5FE5_4A4C_809A_62DE7BA46740,,BPIC_2012_train,TWO_GRAM_DISTANCE,Split Miner v1
0.6290980723230618,two_gram_distance,ok,discovery,0.359602444612475,0.36166877355211535,True,False,C:\Users\David\Downloads\simod-softwarex\outputs\20250303_021853_BC8B0EF7_EF81_4314_8CE3_F1B8ED3266B2\control-flow\iteration_20250303_022442_EB64FF80_5262_40D6_8A9B_39DEF3CA523D,,BPIC_2012_train,TWO_GRAM_DISTANCE,Split Miner v1
0.6299583911234397,two_gram_distance,ok,discovery,0.27464151354549077,0.614664108663109,True,True,C:\Users\David\Downloads\simod-softwarex\outputs\20250303_021853_BC8B0EF7_EF81_4314_8CE3_F1B8ED3266B2\control-flow\iteration_20250303_022122_AC4DFA9A_8313_439B_8611_D0B49CB63E79,,BPIC_2012_train,TWO_GRAM_DISTANCE,Split Miner v1
0.630113876001687,two_gram_distance,ok,discovery,0.25415414912049455,0.5836997662104155,True,True,C:\Users\David\Downloads\simod-softwarex\outputs\20250303_021853_BC8B0EF7_EF81_4314_8CE3_F1B8ED3266B2\control-flow\iteration_20250303_021919_8114D238_744D_48F3_BCE7_956B57293DBD,,BPIC_2012_train,TWO_GRAM_DISTANCE,Split Miner v1
0.6304424778761062,two_gram_distance,ok,discovery,0.2637581883473777,0.6404303312907023,True,True,C:\Users\David\Downloads\simod-softwarex\outputs\20250303_021853_BC8B0EF7_EF81_4314_8CE3_F1B8ED3266B2\control-flow\iteration_20250303_022504_069750B1_253A_4491_99BD_9D840BF3F3BF,,BPIC_2012_train,TWO_GRAM_DISTANCE,Split Miner v1
0.6306061240147869,two_gram_distance,ok,discovery,0.18824143378027886,0.44674882826826146,True,False,C:\Users\David\Downloads\simod-softwarex\outputs\20250303_021853_BC8B0EF7_EF81_4314_8CE3_F1B8ED3266B2\control-flow\iteration_20250303_021956_11AF96F9_C8EF_446E_86AB_67FA35DAFDD6,,BPIC_2012_train,TWO_GRAM_DISTANCE,Split Miner v1
0.6309515510630882,two_gram_distance,ok,discovery,0.35456725721092563,0.6939930588445062,True,False,C:\Users\David\Downloads\simod-softwarex\outputs\20250303_021853_BC8B0EF7_EF81_4314_8CE3_F1B8ED3266B2\control-flow\iteration_20250303_022359_B46FAFB3_9FAE_4BFB_AB29_D5248201ADDC,,BPIC_2012_train,TWO_GRAM_DISTANCE,Split Miner v1
0.6312779017857143,two_gram_distance,ok,discovery,0.24915166594782834,0.6277330899565142,True,True,C:\Users\David\Downloads\simod-softwarex\outputs\20250303_021853_BC8B0EF7_EF81_4314_8CE3_F1B8ED3266B2\control-flow\iteration_20250303_022314_0FD4F23C_17DE_4471_A9CD_37D4E357C797,,BPIC_2012_train,TWO_GRAM_DISTANCE,Split Miner v1
0.6313969083080399,two_gram_distance,ok,discovery,0.3247159450683369,0.37460239202152357,True,True,C:\Users\David\Downloads\simod-softwarex\outputs\20250303_021853_BC8B0EF7_EF81_4314_8CE3_F1B8ED3266B2\control-flow\iteration_20250303_022252_5C6F7301_5FE5_4A4C_809A_62DE7BA46740,,BPIC_2012_train,TWO_GRAM_DISTANCE,Split Miner v1
0.6315460045900271,two_gram_distance,ok,discovery,0.17375617563076834,0.5588360202369618,True,False,C:\Users\David\Downloads\simod-softwarex\outputs\20250303_021853_BC8B0EF7_EF81_4314_8CE3_F1B8ED3266B2\control-flow\iteration_20250303_022612_4AE22B13_41CA_4AF7_90CC_2FAFFDC450B3,,BPIC_2012_train,TWO_GRAM_DISTANCE,Split Miner v1
0.6319001763190017,two_gram_distance,ok,discovery,0.36260484974028545,0.3372177825575954,True,False,C:\Users\David\Downloads\simod-softwarex\outputs\20250303_021853_BC8B0EF7_EF81_4314_8CE3_F1B8ED3266B2\control-flow\iteration_20250303_021937_6F0DBA1D_2000_40AB_9BA1_E700684627ED,,BPIC_2012_train,TWO_GRAM_DISTANCE,Split Miner v1
0.6320989409339683,two_gram_distance,ok,discovery,0.359602444612475,0.36166877355211535,True,False,C:\Users\David\Downloads\simod-softwarex\outputs\20250303_021853_BC8B0EF7_EF81_4314_8CE3_F1B8ED3266B2\control-flow\iteration_20250303_022442_EB64FF80_5262_40D6_8A9B_39DEF3CA523D,,BPIC_2012_train,TWO_GRAM_DISTANCE,Split Miner v1
0.6321379310344828,two_gram_distance,ok,discovery,0.359602444612475,0.36166877355211535,True,False,C:\Users\David\Downloads\simod-softwarex\outputs\20250303_021853_BC8B0EF7_EF81_4314_8CE3_F1B8ED3266B2\control-flow\iteration_20250303_022442_EB64FF80_5262_40D6_8A9B_39DEF3CA523D,,BPIC_2012_train,TWO_GRAM_DISTANCE,Split Miner v1
0.6321503131524009,two_gram_distance,ok,discovery,0.17375617563076834,0.5588360202369618,True,False,C:\Users\David\Downloads\simod-softwarex\outputs\20250303_021853_BC8B0EF7_EF81_4314_8CE3_F1B8ED3266B2\control-flow\iteration_20250303_022612_4AE22B13_41CA_4AF7_90CC_2FAFFDC450B3,,BPIC_2012_train,TWO_GRAM_DISTANCE,Split Miner v1
0.6327280146908794,two_gram_distance,ok,discovery,0.32829878417411035,0.34201156057820625,True,False,C:\Users\David\Downloads\simod-softwarex\outputs\20250303_021853_BC8B0EF7_EF81_4314_8CE3_F1B8ED3266B2\control-flow\iteration_20250303_022208_83418D13_47D9_4235_A349_6C18372D7A2C,,BPIC_2012_train,TWO_GRAM_DISTANCE,Split Miner v1
0.6331787024856331,two_gram_distance,ok,discovery,0.3247159450683369,0.37460239202152357,True,True,C:\Users\David\Downloads\simod-softwarex\outputs\20250303_021853_BC8B0EF7_EF81_4314_8CE3_F1B8ED3266B2\control-flow\iteration_20250303_022252_5C6F7301_5FE5_4A4C_809A_62DE7BA46740,,BPIC_2012_train,TWO_GRAM_DISTANCE,Split Miner v1
0.6334155798378569,two_gram_distance,ok,discovery,0.24915166594782834,0.6277330899565142,True,True,C:\Users\David\Downloads\simod-softwarex\outputs\20250303_021853_BC8B0EF7_EF81_4314_8CE3_F1B8ED3266B2\control-flow\iteration_20250303_022314_0FD4F23C_17DE_4471_A9CD_37D4E357C797,,BPIC_2012_train,TWO_GRAM_DISTANCE,Split Miner v1
0.6337706020854356,two_gram_distance,ok,discovery,0.36260484974028545,0.3372177825575954,True,False,C:\Users\David\Downloads\simod-softwarex\outputs\20250303_021853_BC8B0EF7_EF81_4314_8CE3_F1B8ED3266B2\control-flow\iteration_20250303_021937_6F0DBA1D_2000_40AB_9BA1_E700684627ED,,BPIC_2012_train,TWO_GRAM_DISTANCE,Split Miner v1
0.6338869970116061,two_gram_distance,ok,discovery,0.24915166594782834,0.6277330899565142,True,True,C:\Users\David\Downloads\simod-softwarex\outputs\20250303_021853_BC8B0EF7_EF81_4314_8CE3_F1B8ED3266B2\control-flow\iteration_20250303_022314_0FD4F23C_17DE_4471_A9CD_37D4E357C797,,BPIC_2012_train,TWO_GRAM_DISTANCE,Split Miner v1
0.6340970819694964,two_gram_distance,ok,discovery,0.35456725721092563,0.6939930588445062,True,False,C:\Users\David\Downloads\simod-softwarex\outputs\20250303_021853_BC8B0EF7_EF81_4314_8CE3_F1B8ED3266B2\control-flow\iteration_20250303_022359_B46FAFB3_9FAE_4BFB_AB29_D5248201ADDC,,BPIC_2012_train,TWO_GRAM_DISTANCE,Split Miner v1
0.6345849121598347,two_gram_distance,ok,discovery,0.24915166594782834,0.6277330899565142,True,True,C:\Users\David\Downloads\simod-softwarex\outputs\20250303_021853_BC8B0EF7_EF81_4314_8CE3_F1B8ED3266B2\control-flow\iteration_20250303_022314_0FD4F23C_17DE_4471_A9CD_37D4E357C797,,BPIC_2012_train,TWO_GRAM_DISTANCE,Split Miner v1
0.634587995930824,two_gram_distance,ok,discovery,0.32829878417411035,0.34201156057820625,True,False,C:\Users\David\Downloads\simod-softwarex\outputs\20250303_021853_BC8B0EF7_EF81_4314_8CE3_F1B8ED3266B2\control-flow\iteration_20250303_022208_83418D13_47D9_4235_A349_6C18372D7A2C,,BPIC_2012_train,TWO_GRAM_DISTANCE,Split Miner v1
0.6345914558274575,two_gram_distance,ok,discovery,0.35456725721092563,0.6939930588445062,True,False,C:\Users\David\Downloads\simod-softwarex\outputs\20250303_021853_BC8B0EF7_EF81_4314_8CE3_F1B8ED3266B2\control-flow\iteration_20250303_022359_B46FAFB3_9FAE_4BFB_AB29_D5248201ADDC,,BPIC_2012_train,TWO_GRAM_DISTANCE,Split Miner v1
0.6357597564350955,two_gram_distance,ok,discovery,0.18824143378027886,0.44674882826826146,True,False,C:\Users\David\Downloads\simod-softwarex\outputs\20250303_021853_BC8B0EF7_EF81_4314_8CE3_F1B8ED3266B2\control-flow\iteration_20250303_021956_11AF96F9_C8EF_446E_86AB_67FA35DAFDD6,,BPIC_2012_train,TWO_GRAM_DISTANCE,Split Miner v1
0.6358024691358025,two_gram_distance,ok,discovery,0.27464151354549077,0.614664108663109,True,True,C:\Users\David\Downloads\simod-softwarex\outputs\20250303_021853_BC8B0EF7_EF81_4314_8CE3_F1B8ED3266B2\control-flow\iteration_20250303_022122_AC4DFA9A_8313_439B_8611_D0B49CB63E79,,BPIC_2012_train,TWO_GRAM_DISTANCE,Split Miner v1
0.6361384435422831,two_gram_distance,ok,discovery,0.27464151354549077,0.614664108663109,True,True,C:\Users\David\Downloads\simod-softwarex\outputs\20250303_021853_BC8B0EF7_EF81_4314_8CE3_F1B8ED3266B2\control-flow\iteration_20250303_022122_AC4DFA9A_8313_439B_8611_D0B49CB63E79,,BPIC_2012_train,TWO_GRAM_DISTANCE,Split Miner v1
0.63656418033917,two_gram_distance,ok,discovery,0.359602444612475,0.36166877355211535,True,False,C:\Users\David\Downloads\simod-softwarex\outputs\20250303_021853_BC8B0EF7_EF81_4314_8CE3_F1B8ED3266B2\control-flow\iteration_20250303_022442_EB64FF80_5262_40D6_8A9B_39DEF3CA523D,,BPIC_2012_train,TWO_GRAM_DISTANCE,Split Miner v1
0.6367182246133154,two_gram_distance,ok,discovery,0.14859280615317855,0.29397383386987586,True,False,C:\Users\David\Downloads\simod-softwarex\outputs\20250303_021853_BC8B0EF7_EF81_4314_8CE3_F1B8ED3266B2\control-flow\iteration_20250303_022803_6B23E0B4_25B4_411B_9DFB_55479ACE7D48,,BPIC_2012_train,TWO_GRAM_DISTANCE,Split Miner v1
0.637758505670447,two_gram_distance,ok,discovery,0.24516880781639938,0.26359679350601145,True,False,C:\Users\David\Downloads\simod-softwarex\outputs\20250303_021853_BC8B0EF7_EF81_4314_8CE3_F1B8ED3266B2\control-flow\iteration_20250303_022034_11DE95B9_B454_4A59_BFFA_A5D1EF0D410C,,BPIC_2012_train,TWO_GRAM_DISTANCE,Split Miner v1
0.6382276042383377,two_gram_distance,ok,discovery,0.3247159450683369,0.37460239202152357,True,True,C:\Users\David\Downloads\simod-softwarex\outputs\20250303_021853_BC8B0EF7_EF81_4314_8CE3_F1B8ED3266B2\control-flow\iteration_20250303_022252_5C6F7301_5FE5_4A4C_809A_62DE7BA46740,,BPIC_2012_train,TWO_GRAM_DISTANCE,Split Miner v1
0.638412741260629,two_gram_distance,ok,discovery,0.32829878417411035,0.34201156057820625,True,False,C:\Users\David\Downloads\simod-softwarex\outputs\20250303_021853_BC8B0EF7_EF81_4314_8CE3_F1B8ED3266B2\control-flow\iteration_20250303_022208_83418D13_47D9_4235_A349_6C18372D7A2C,,BPIC_2012_train,TWO_GRAM_DISTANCE,Split Miner v1
0.6386548866515992,two_gram_distance,ok,discovery,0.18824143378027886,0.44674882826826146,True,False,C:\Users\David\Downloads\simod-softwarex\outputs\20250303_021853_BC8B0EF7_EF81_4314_8CE3_F1B8ED3266B2\control-flow\iteration_20250303_021956_11AF96F9_C8EF_446E_86AB_67FA35DAFDD6,,BPIC_2012_train,TWO_GRAM_DISTANCE,Split Miner v1
0.6400396432111001,two_gram_distance,ok,discovery,0.36260484974028545,0.3372177825575954,True,False,C:\Users\David\Downloads\simod-softwarex\outputs\20250303_021853_BC8B0EF7_EF81_4314_8CE3_F1B8ED3266B2\control-flow\iteration_20250303_021937_6F0DBA1D_2000_40AB_9BA1_E700684627ED,,BPIC_2012_train,TWO_GRAM_DISTANCE,Split Miner v1
0.6401232454638822,two_gram_distance,ok,discovery,0.2637581883473777,0.6404303312907023,True,True,C:\Users\David\Downloads\simod-softwarex\outputs\20250303_021853_BC8B0EF7_EF81_4314_8CE3_F1B8ED3266B2\control-flow\iteration_20250303_022504_069750B1_253A_4491_99BD_9D840BF3F3BF,,BPIC_2012_train,TWO_GRAM_DISTANCE,Split Miner v1
0.6409609769046987,two_gram_distance,ok,discovery,0.14859280615317855,0.29397383386987586,True,False,C:\Users\David\Downloads\simod-softwarex\outputs\20250303_021853_BC8B0EF7_EF81_4314_8CE3_F1B8ED3266B2\control-flow\iteration_20250303_022803_6B23E0B4_25B4_411B_9DFB_55479ACE7D48,,BPIC_2012_train,TWO_GRAM_DISTANCE,Split Miner v1
0.6411756882564171,two_gram_distance,ok,discovery,0.16944492860696486,0.25281577352798335,True,True,C:\Users\David\Downloads\simod-softwarex\outputs\20250303_021853_BC8B0EF7_EF81_4314_8CE3_F1B8ED3266B2\control-flow\iteration_20250303_022527_7216B1A9_B973_4DDE_B95C_7BFE7216F473,,BPIC_2012_train,TWO_GRAM_DISTANCE,Split Miner v1
0.6411924838988114,two_gram_distance,ok,discovery,0.24516880781639938,0.26359679350601145,True,False,C:\Users\David\Downloads\simod-softwarex\outputs\20250303_021853_BC8B0EF7_EF81_4314_8CE3_F1B8ED3266B2\control-flow\iteration_20250303_022034_11DE95B9_B454_4A59_BFFA_A5D1EF0D410C,,BPIC_2012_train,TWO_GRAM_DISTANCE,Split Miner v1
0.6419339396840593,two_gram_distance,ok,discovery,0.18824143378027886,0.44674882826826146,True,False,C:\Users\David\Downloads\simod-softwarex\outputs\20250303_021853_BC8B0EF7_EF81_4314_8CE3_F1B8ED3266B2\control-flow\iteration_20250303_021956_11AF96F9_C8EF_446E_86AB_67FA35DAFDD6,,BPIC_2012_train,TWO_GRAM_DISTANCE,Split Miner v1
0.6440142236270249,two_gram_distance,ok,discovery,0.14859280615317855,0.29397383386987586,True,False,C:\Users\David\Downloads\simod-softwarex\outputs\20250303_021853_BC8B0EF7_EF81_4314_8CE3_F1B8ED3266B2\control-flow\iteration_20250303_022803_6B23E0B4_25B4_411B_9DFB_55479ACE7D48,,BPIC_2012_train,TWO_GRAM_DISTANCE,Split Miner v1
0.644558396869307,two_gram_distance,ok,discovery,0.25415414912049455,0.5836997662104155,True,True,C:\Users\David\Downloads\simod-softwarex\outputs\20250303_021853_BC8B0EF7_EF81_4314_8CE3_F1B8ED3266B2\control-flow\iteration_20250303_021919_8114D238_744D_48F3_BCE7_956B57293DBD,,BPIC_2012_train,TWO_GRAM_DISTANCE,Split Miner v1
0.6448141546180762,two_gram_distance,ok,discovery,0.16944492860696486,0.25281577352798335,True,True,C:\Users\David\Downloads\simod-softwarex\outputs\20250303_021853_BC8B0EF7_EF81_4314_8CE3_F1B8ED3266B2\control-flow\iteration_20250303_022527_7216B1A9_B973_4DDE_B95C_7BFE7216F473,,BPIC_2012_train,TWO_GRAM_DISTANCE,Split Miner v1
0.6454015982662874,two_gram_distance,ok,discovery,0.2637581883473777,0.6404303312907023,True,True,C:\Users\David\Downloads\simod-softwarex\outputs\20250303_021853_BC8B0EF7_EF81_4314_8CE3_F1B8ED3266B2\control-flow\iteration_20250303_022504_069750B1_253A_4491_99BD_9D840BF3F3BF,,BPIC_2012_train,TWO_GRAM_DISTANCE,Split Miner v1
0.6456333178838641,two_gram_distance,ok,discovery,0.32829878417411035,0.34201156057820625,True,False,C:\Users\David\Downloads\simod-softwarex\outputs\20250303_021853_BC8B0EF7_EF81_4314_8CE3_F1B8ED3266B2\control-flow\iteration_20250303_022208_83418D13_47D9_4235_A349_6C18372D7A2C,,BPIC_2012_train,TWO_GRAM_DISTANCE,Split Miner v1
0.6457549970314664,two_gram_distance,ok,discovery,0.36260484974028545,0.3372177825575954,True,False,C:\Users\David\Downloads\simod-softwarex\outputs\20250303_021853_BC8B0EF7_EF81_4314_8CE3_F1B8ED3266B2\control-flow\iteration_20250303_021937_6F0DBA1D_2000_40AB_9BA1_E700684627ED,,BPIC_2012_train,TWO_GRAM_DISTANCE,Split Miner v1
0.6460981231478433,two_gram_distance,ok,discovery,0.16944492860696486,0.25281577352798335,True,True,C:\Users\David\Downloads\simod-softwarex\outputs\20250303_021853_BC8B0EF7_EF81_4314_8CE3_F1B8ED3266B2\control-flow\iteration_20250303_022527_7216B1A9_B973_4DDE_B95C_7BFE7216F473,,BPIC_2012_train,TWO_GRAM_DISTANCE,Split Miner v1
0.6467330388343113,two_gram_distance,ok,discovery,0.24516880781639938,0.26359679350601145,True,False,C:\Users\David\Downloads\simod-softwarex\outputs\20250303_021853_BC8B0EF7_EF81_4314_8CE3_F1B8ED3266B2\control-flow\iteration_20250303_022034_11DE95B9_B454_4A59_BFFA_A5D1EF0D410C,,BPIC_2012_train,TWO_GRAM_DISTANCE,Split Miner v1
0.6470973231232411,two_gram_distance,ok,discovery,0.14859280615317855,0.29397383386987586,True,False,C:\Users\David\Downloads\simod-softwarex\outputs\20250303_021853_BC8B0EF7_EF81_4314_8CE3_F1B8ED3266B2\control-flow\iteration_20250303_022803_6B23E0B4_25B4_411B_9DFB_55479ACE7D48,,BPIC_2012_train,TWO_GRAM_DISTANCE,Split Miner v1
0.6478028855655841,two_gram_distance,ok,discovery,0.16944492860696486,0.25281577352798335,True,True,C:\Users\David\Downloads\simod-softwarex\outputs\20250303_021853_BC8B0EF7_EF81_4314_8CE3_F1B8ED3266B2\control-flow\iteration_20250303_022527_7216B1A9_B973_4DDE_B95C_7BFE7216F473,,BPIC_2012_train,TWO_GRAM_DISTANCE,Split Miner v1
0.6496756255792401,two_gram_distance,ok,discovery,0.16944492860696486,0.25281577352798335,True,True,C:\Users\David\Downloads\simod-softwarex\outputs\20250303_021853_BC8B0EF7_EF81_4314_8CE3_F1B8ED3266B2\control-flow\iteration_20250303_022527_7216B1A9_B973_4DDE_B95C_7BFE7216F473,,BPIC_2012_train,TWO_GRAM_DISTANCE,Split Miner v1
0.6498917393871794,two_gram_distance,ok,discovery,0.24516880781639938,0.26359679350601145,True,False,C:\Users\David\Downloads\simod-softwarex\outputs\20250303_021853_BC8B0EF7_EF81_4314_8CE3_F1B8ED3266B2\control-flow\iteration_20250303_022034_11DE95B9_B454_4A59_BFFA_A5D1EF0D410C,,BPIC_2012_train,TWO_GRAM_DISTANCE,Split Miner v1
0.6511246639123877,two_gram_distance,ok,discovery,0.14859280615317855,0.29397383386987586,True,False,C:\Users\David\Downloads\simod-softwarex\outputs\20250303_021853_BC8B0EF7_EF81_4314_8CE3_F1B8ED3266B2\control-flow\iteration_20250303_022803_6B23E0B4_25B4_411B_9DFB_55479ACE7D48,,BPIC_2012_train,TWO_GRAM_DISTANCE,Split Miner v1
0.6512979465323518,two_gram_distance,ok,discovery,0.36260484974028545,0.3372177825575954,True,False,C:\Users\David\Downloads\simod-softwarex\outputs\20250303_021853_BC8B0EF7_EF81_4314_8CE3_F1B8ED3266B2\control-flow\iteration_20250303_021937_6F0DBA1D_2000_40AB_9BA1_E700684627ED,,BPIC_2012_train,TWO_GRAM_DISTANCE,Split Miner v1
0.6534009624138379,two_gram_distance,ok,discovery,0.24516880781639938,0.26359679350601145,True,False,C:\Users\David\Downloads\simod-softwarex\outputs\20250303_021853_BC8B0EF7_EF81_4314_8CE3_F1B8ED3266B2\control-flow\iteration_20250303_022034_11DE95B9_B454_4A59_BFFA_A5D1EF0D410C,,BPIC_2012_train,TWO_GRAM_DISTANCE,Split Miner v1
